inventory_id,product_id,sku,warehouse_id,warehouse_name,quantity_on_hand,quantity_reserved,reorder_level,unit_cost,last_counted,next_reorder,supplier_lead_days,is_active,zone
INV-0000000,PROD-000317,SKU-7484,WH-03,Chicago Hub,520,79,47,130.58,2023-01-01,2023-06-01,2,true,A
INV-0000001,PROD-000307,SKU-9287,WH-03,Toronto DC,869,103,73,184.19,2023-01-01,2023-06-02,24,true,C
INV-0000002,PROD-000420,SKU-2768,WH-06,Sydney Centre,386,48,67,159.61,2023-01-01,2023-06-03,24,true,A
INV-0000003,PROD-000026,SKU-5654,WH-07,Mumbai WH,18,5,77,13.82,2023-01-02,2023-06-04,1,true,D
INV-0000004,PROD-000112,SKU-2658,WH-01,Toronto DC,374,21,13,142.88,2023-01-02,2023-06-05,14,false,A
INV-0000005,PROD-000214,SKU-2635,WH-06,London DC,3,146,60,51.14,2023-01-02,2023-06-06,15,true,A
INV-0000006,PROD-000439,SKU-9547,WH-01,Mumbai WH,423,131,78,51.73,2023-01-03,2023-06-07,14,true,C
INV-0000007,PROD-000118,SKU-5254,WH-03,Sydney Centre,474,52,28,109.9,2023-01-03,2023-06-08,11,true,B
INV-0000008,PROD-000486,SKU-7337,WH-04,London DC,730,188,62,139.56,2023-01-03,2023-06-09,10,true,HAZMAT
INV-0000009,PROD-000478,SKU-7559,WH-01,Chicago Hub,69,108,10,32.69,2023-01-04,2023-06-10,10,true,B
INV-0000010,PROD-000047,SKU-1285,WH-03,Chicago Hub,480,159,91,63.59,2023-01-04,2023-06-11,27,true,C
INV-0000011,PROD-000181,SKU-5428,WH-07,London DC,177,158,76,143.51,2023-01-04,2023-06-12,29,true,B
INV-0000012,PROD-000129,SKU-2622,WH-11,Chicago Hub,466,60,66,31.25,2023-01-05,2023-06-13,4,true,HAZMAT
INV-0000013,PROD-000244,SKU-3819,WH-09,Sydney Centre,985,118,63,170.09,2023-01-05,2023-06-14,21,true,COLD
INV-0000014,PROD-000462,SKU-2693,WH-04,Toronto DC,-1,118,70,91.75,2023-01-05,2023-06-15,17,true,B
INV-0000015,PROD-000187,SKU-6996,WH-11,London DC,844,91,48,117.61,2023-01-06,2023-06-16,8,true,B
INV-0000016,PROD-000331,SKU-2187,WH-05,Chicago Hub,38,127,97,17.0,2023-01-06,2023-06-17,6,true,B
INV-0000017,PROD-000068,SKU-5051,WH-04,Chicago Hub,764,67,29,190.95,2023-01-06,2023-06-18,22,true,A
INV-0000018,PROD-000285,SKU-3751,WH-10,Chicago Hub,865,19,82,181.6,2023-01-07,2023-06-19,11,true,B
INV-0000019,PROD-000176,SKU-9664,WH-05,Sydney Centre,670,9,78,38.83,2023-01-07,2023-06-20,4,true,HAZMAT
INV-0000020,PROD-000458,SKU-8091,WH-09,Mumbai WH,782,89,85,132.96,2023-01-07,2023-06-21,29,true,C
INV-0000021,PROD-000389,SKU-4168,WH-02,Mumbai WH,47,182,16,158.83,2023-01-08,2023-06-22,27,true,C
INV-0000022,PROD-000107,SKU-3640,WH-04,Berlin Store,738,42,50,25.27,2023-01-08,2023-06-23,13,true,B
INV-0000023,PROD-000310,SKU-7456,WH-11,Mumbai WH,835,118,67,115.91,2023-01-08,2023-06-24,13,false,B
INV-0000024,PROD-000171,SKU-6683,WH-03,Sydney Centre,230,32,65,170.24,2023-01-09,2023-06-25,13,true,D
INV-0000025,PROD-000218,SKU-5995,WH-10,Toronto DC,471,126,71,101.84,2023-01-09,2023-06-26,6,true,COLD
INV-0000026,PROD-000231,SKU-1649,WH-06,London DC,422,36,67,184.83,2023-01-09,2023-06-27,4,true,D
INV-0000027,PROD-000410,SKU-1698,WH-11,Chicago Hub,98,88,30,10.51,2023-01-10,2023-06-28,8,true,D
INV-0000028,PROD-000145,SKU-6726,WH-05,London DC,128,161,84,183.92,2023-01-10,2023-06-29,12,true,B
INV-0000029,PROD-000002,SKU-5227,WH-06,Chicago Hub,300,74,53,195.47,2023-01-10,2023-06-30,5,true,HAZMAT
INV-0000030,PROD-000096,SKU-8465,WH-05,Berlin Store,109,186,97,32.03,2023-01-11,2023-07-01,2,true,COLD
INV-0000031,PROD-000413,SKU-1262,WH-03,Toronto DC,501,9,56,86.76,2023-01-11,2023-07-02,27,true,HAZMAT
INV-0000032,PROD-000148,SKU-2674,WH-10,Sydney Centre,55,16,58,124.53,2023-01-11,2023-07-03,26,true,COLD
INV-0000033,PROD-000029,SKU-8107,WH-07,Chicago Hub,13,33,63,178.75,2023-01-12,2023-07-04,9,true,COLD
INV-0000034,PROD-000200,SKU-9811,WH-06,Toronto DC,629,48,88,32.75,2023-01-12,2023-07-05,18,true,A
INV-0000035,PROD-000435,SKU-7610,WH-05,Toronto DC,252,85,91,67.47,2023-01-12,2023-07-06,5,true,A
INV-0000036,PROD-000436,SKU-1114,WH-09,Mumbai WH,378,182,62,159.79,2023-01-13,2023-07-07,27,true,A
INV-0000037,PROD-000473,SKU-1454,WH-04,Berlin Store,335,48,59,82.59,2023-01-13,2023-07-08,24,true,C
INV-0000038,PROD-000341,SKU-8903,WH-03,Sydney Centre,469,71,14,121.38,2023-01-13,2023-07-09,6,true,D
INV-0000039,PROD-000409,SKU-5496,WH-01,Sydney Centre,463,8,16,112.44,2023-01-14,2023-07-10,7,true,A
INV-0000040,PROD-000386,SKU-5470,WH-10,Mumbai WH,133,142,76,194.66,2023-01-14,2023-07-11,10,true,COLD
INV-0000041,PROD-000009,SKU-9652,WH-01,London DC,1,109,41,29.16,2023-01-14,2023-07-12,3,true,D
INV-0000042,PROD-000209,SKU-3231,WH-10,London DC,443,9,49,189.74,2023-01-15,2023-07-13,11,true,D
INV-0000043,PROD-000263,SKU-3561,WH-05,Mumbai WH,565,92,66,113.27,2023-01-15,2023-07-14,20,false,HAZMAT
INV-0000044,PROD-000231,SKU-7174,WH-01,Berlin Store,768,43,29,180.93,2023-01-15,2023-07-15,22,true,D
INV-0000045,PROD-000414,SKU-9137,WH-11,Berlin Store,197,84,39,24.47,2023-01-16,2023-07-16,1,true,A
INV-0000046,PROD-000491,SKU-4292,WH-09,Chicago Hub,83,56,13,128.66,2023-01-16,2023-07-17,11,true,COLD
INV-0000047,PROD-000272,SKU-2359,WH-08,Chicago Hub,597,156,79,168.18,2023-01-16,2023-07-18,25,true,HAZMAT
INV-0000048,PROD-000048,SKU-1505,WH-07,Mumbai WH,902,11,55,157.59,2023-01-17,2023-07-19,26,true,A
INV-0000049,PROD-000179,SKU-1059,WH-09,Berlin Store,239,119,27,2.98,2023-01-17,2023-07-20,17,true,D
INV-0000050,PROD-000098,SKU-4368,WH-02,Sydney Centre,85,158,63,90.99,2023-01-17,2023-07-21,22,true,C
INV-0000051,PROD-000235,SKU-5774,WH-03,Berlin Store,402,0,22,23.95,2023-01-18,2023-07-22,8,true,A
INV-0000052,PROD-000117,SKU-5403,WH-06,Berlin Store,560,180,80,31.41,2023-01-18,2023-07-23,26,true,B
INV-0000053,PROD-000040,SKU-3152,WH-09,Berlin Store,623,152,30,141.55,2023-01-18,2023-07-24,14,true,HAZMAT
INV-0000054,PROD-000085,SKU-7088,WH-07,Sydney Centre,112,55,34,191.36,2023-01-19,2023-07-25,21,true,C
INV-0000055,PROD-000248,SKU-8912,WH-05,Chicago Hub,656,96,88,127.19,2023-01-19,2023-07-26,8,true,D
INV-0000056,PROD-000070,SKU-3095,WH-08,London DC,343,136,76,21.37,2023-01-19,2023-07-27,6,true,COLD
INV-0000057,PROD-000013,SKU-7064,WH-01,Berlin Store,30,103,71,49.56,2023-01-20,2023-07-28,16,true,C
INV-0000058,PROD-000140,SKU-5904,WH-06,London DC,922,151,64,76.4,2023-01-20,2023-07-29,16,true,HAZMAT
INV-0000059,PROD-000322,SKU-7181,WH-05,Berlin Store,535,177,56,25.95,2023-01-20,2023-07-30,17,true,C
INV-0000060,PROD-000315,SKU-1131,WH-06,Mumbai WH,305,71,27,169.75,2023-01-21,2023-07-31,24,true,HAZMAT
INV-0000061,PROD-000195,SKU-7058,WH-02,Chicago Hub,816,21,37,39.71,2023-01-21,2023-08-01,23,true,A
INV-0000062,PROD-000331,SKU-7725,WH-10,Berlin Store,797,86,96,26.78,2023-01-21,2023-08-02,9,true,HAZMAT
INV-0000063,PROD-000095,SKU-7109,WH-10,Toronto DC,206,119,92,145.41,2023-01-22,2023-08-03,14,true,A
INV-0000064,PROD-000361,SKU-8563,WH-11,Mumbai WH,960,155,75,26.24,2023-01-22,2023-08-04,3,true,COLD
INV-0000065,PROD-000008,SKU-7723,WH-10,Chicago Hub,531,56,89,82.65,2023-01-22,2023-08-05,23,true,D
INV-0000066,PROD-000067,SKU-9863,WH-08,Mumbai WH,262,185,82,103.59,2023-01-23,2023-08-06,4,true,D
INV-0000067,PROD-000461,SKU-7028,WH-04,Toronto DC,447,7,45,16.97,2023-01-23,2023-08-07,3,false,HAZMAT
INV-0000068,PROD-000233,SKU-5015,WH-02,London DC,187,116,74,111.6,2023-01-23,2023-08-08,16,true,D
INV-0000069,PROD-000278,SKU-8507,WH-07,Chicago Hub,849,87,77,96.55,2023-01-24,2023-08-09,27,true,COLD
INV-0000070,PROD-000198,SKU-7252,WH-11,Berlin Store,268,138,22,134.01,2023-01-24,2023-08-10,11,true,COLD
INV-0000071,PROD-000323,SKU-6022,WH-05,London DC,438,56,92,44.61,2023-01-24,2023-08-11,6,true,HAZMAT
INV-0000072,PROD-000374,SKU-6207,WH-11,Chicago Hub,68,186,54,71.97,2023-01-25,2023-08-12,6,true,B
INV-0000073,PROD-000389,SKU-4155,WH-02,Berlin Store,943,0,38,132.27,2023-01-25,2023-08-13,25,true,HAZMAT
INV-0000074,PROD-000124,SKU-6522,WH-04,Mumbai WH,302,163,52,8.08,2023-01-25,2023-08-14,20,true,D
INV-0000075,PROD-000313,SKU-5201,WH-08,Chicago Hub,652,98,39,24.04,2023-01-26,2023-08-15,15,true,A
INV-0000076,PROD-000392,SKU-2180,WH-06,Chicago Hub,353,103,39,57.43,2023-01-26,2023-08-16,27,true,HAZMAT
INV-0000077,PROD-000206,SKU-4961,WH-09,London DC,561,62,59,22.16,2023-01-26,2023-08-17,4,true,COLD
INV-0000078,PROD-000191,SKU-9547,WH-04,Chicago Hub,560,78,99,8.86,2023-01-27,2023-08-18,18,true,HAZMAT
INV-0000079,PROD-000313,SKU-3992,WH-09,Chicago Hub,291,86,46,197.49,2023-01-27,2023-08-19,11,true,COLD
INV-0000080,PROD-000286,SKU-7095,WH-04,Mumbai WH,432,62,29,91.7,2023-01-27,2023-08-20,7,true,C
INV-0000081,PROD-000126,SKU-4738,WH-02,Berlin Store,596,2,78,107.2,2023-01-28,2023-08-21,27,true,C
INV-0000082,PROD-000478,SKU-3570,WH-07,Mumbai WH,217,80,36,51.73,2023-01-28,2023-08-22,28,true,B
INV-0000083,PROD-000280,SKU-4464,WH-06,Chicago Hub,131,80,58,2.53,2023-01-28,2023-08-23,25,true,C
INV-0000084,PROD-000282,SKU-9631,WH-07,Toronto DC,178,144,32,150.39,2023-01-29,2023-08-24,5,false,A
INV-0000085,PROD-000102,SKU-2000,WH-01,Sydney Centre,416,94,29,145.03,2023-01-29,2023-08-25,21,true,COLD
INV-0000086,PROD-000337,SKU-7010,WH-05,Toronto DC,213,109,32,194.54,2023-01-29,2023-08-26,11,true,COLD
INV-0000087,PROD-000458,SKU-8474,WH-01,Sydney Centre,284,93,42,5.2,2023-01-30,2023-08-27,12,true,HAZMAT
INV-0000088,PROD-000363,SKU-2667,WH-09,Mumbai WH,685,84,96,28.27,2023-01-30,2023-08-28,6,true,D
INV-0000089,PROD-000254,SKU-7807,WH-01,Sydney Centre,670,143,70,142.72,2023-01-30,2023-08-29,18,true,HAZMAT
INV-0000090,PROD-000318,SKU-6729,WH-11,Chicago Hub,943,135,72,66.68,2023-01-31,2023-08-30,25,true,B
INV-0000091,PROD-000116,SKU-4037,WH-01,Mumbai WH,763,198,14,13.69,2023-01-31,2023-08-31,7,true,C
INV-0000092,PROD-000030,SKU-2589,WH-07,Mumbai WH,424,99,10,60.89,2023-01-31,2023-09-01,16,true,COLD
INV-0000093,PROD-000319,SKU-9505,WH-04,London DC,928,5,40,18.46,2023-02-01,2023-09-02,19,true,COLD
INV-0000094,PROD-000090,SKU-2773,WH-02,Toronto DC,-1,117,89,167.68,2023-02-01,2023-09-03,19,true,COLD
INV-0000095,PROD-000045,SKU-9543,WH-04,Toronto DC,222,79,11,175.51,2023-02-01,2023-09-04,8,true,C
INV-0000096,PROD-000387,SKU-6832,WH-01,Mumbai WH,171,19,78,127.74,2023-02-02,2023-09-05,1,true,A
INV-0000097,PROD-000217,SKU-8709,WH-08,Berlin Store,884,171,83,77.73,2023-02-02,2023-09-06,25,true,HAZMAT
INV-0000098,PROD-000426,SKU-3666,WH-10,London DC,890,126,35,153.99,2023-02-02,2023-09-07,18,true,C
INV-0000099,PROD-000432,SKU-1264,WH-04,Toronto DC,845,125,20,126.69,2023-02-03,2023-09-08,21,true,D
INV-0000100,PROD-000061,SKU-6898,WH-05,Berlin Store,460,127,23,158.6,2023-02-03,2023-09-09,16,true,A
INV-0000101,PROD-000383,SKU-4340,WH-02,Berlin Store,862,196,16,102.67,2023-02-03,2023-09-10,12,true,HAZMAT
INV-0000102,PROD-000167,SKU-5951,WH-06,Sydney Centre,768,137,85,191.71,2023-02-04,2023-09-11,8,true,B
INV-0000103,PROD-000351,SKU-5115,WH-11,Berlin Store,740,142,80,58.72,2023-02-04,2023-09-12,20,true,HAZMAT
INV-0000104,PROD-000022,SKU-3893,WH-06,Sydney Centre,602,150,70,121.23,2023-02-04,2023-09-13,25,true,COLD
INV-0000105,PROD-000235,SKU-7467,WH-10,Toronto DC,267,144,18,161.8,2023-02-05,2023-09-14,10,true,B
INV-0000106,PROD-000314,SKU-5507,WH-09,Sydney Centre,747,140,95,178.88,2023-02-05,2023-09-15,1,true,C
INV-0000107,PROD-000223,SKU-6712,WH-02,Mumbai WH,877,15,71,189.4,2023-02-05,2023-09-16,5,true,HAZMAT
INV-0000108,PROD-000275,SKU-7049,WH-01,London DC,884,80,84,79.61,2023-02-06,2023-09-17,17,true,D
INV-0000109,PROD-000005,SKU-7104,WH-04,Toronto DC,599,55,44,140.17,2023-02-06,2023-09-18,7,false,COLD
INV-0000110,PROD-000003,SKU-3972,WH-11,Chicago Hub,39,178,27,58.75,2023-02-06,2023-09-19,24,true,D
INV-0000111,PROD-000300,SKU-7904,WH-02,Chicago Hub,740,116,83,130.23,2023-02-07,2023-09-20,8,true,B
INV-0000112,PROD-000207,SKU-2975,WH-01,Chicago Hub,253,103,14,37.66,2023-02-07,2023-09-21,15,true,A
INV-0000113,PROD-000288,SKU-9534,WH-11,Chicago Hub,205,104,26,84.87,2023-02-07,2023-09-22,7,true,A
INV-0000114,PROD-000179,SKU-8283,WH-03,London DC,78,136,23,184.13,2023-02-08,2023-09-23,14,true,C
INV-0000115,PROD-000002,SKU-5963,WH-04,Mumbai WH,157,152,17,162.37,2023-02-08,2023-09-24,20,true,COLD
INV-0000116,PROD-000350,SKU-2622,WH-09,London DC,490,40,59,99.8,2023-02-08,2023-09-25,24,true,B
INV-0000117,PROD-000068,SKU-9135,WH-02,Mumbai WH,276,198,30,30.22,2023-02-09,2023-09-26,22,true,B
INV-0000118,PROD-000392,SKU-5989,WH-02,Mumbai WH,381,152,96,80.32,2023-02-09,2023-09-27,15,true,C
INV-0000119,PROD-000006,SKU-8332,WH-08,Mumbai WH,511,41,93,28.6,2023-02-09,2023-09-28,14,true,B
INV-0000120,PROD-000464,SKU-1247,WH-01,Chicago Hub,527,121,25,14.64,2023-02-10,2023-09-29,10,true,C
INV-0000121,PROD-000126,SKU-4040,WH-08,Sydney Centre,416,85,84,181.4,2023-02-10,2023-09-30,29,true,D
INV-0000122,PROD-000446,SKU-3696,WH-06,London DC,452,75,13,98.79,2023-02-10,2023-10-01,22,true,B
INV-0000123,PROD-000001,SKU-8322,WH-03,Sydney Centre,887,173,35,18.79,2023-02-11,2023-10-02,26,true,A
INV-0000124,PROD-000225,SKU-5179,WH-07,Chicago Hub,283,57,69,143.62,2023-02-11,2023-10-03,22,false,A
INV-0000125,PROD-000208,SKU-2055,WH-04,Toronto DC,13,167,28,15.76,2023-02-11,2023-10-04,3,true,C
INV-0000126,PROD-000082,SKU-6535,WH-11,Berlin Store,800,127,17,79.84,2023-02-12,2023-10-05,8,true,B
INV-0000127,PROD-000238,SKU-2428,WH-05,Mumbai WH,80,163,24,46.83,2023-02-12,2023-10-06,14,true,COLD
INV-0000128,PROD-000107,SKU-5019,WH-09,Mumbai WH,774,149,69,33.76,2023-02-12,2023-10-07,10,true,A
INV-0000129,PROD-000218,SKU-9930,WH-03,London DC,325,124,29,107.18,2023-02-13,2023-10-08,27,true,A
INV-0000130,PROD-000187,SKU-4910,WH-10,Toronto DC,841,38,32,144.22,2023-02-13,2023-10-09,15,true,D
INV-0000131,PROD-000099,SKU-4857,WH-04,Berlin Store,167,198,28,97.95,2023-02-13,2023-10-10,7,true,D
INV-0000132,PROD-000394,SKU-1362,WH-06,Mumbai WH,164,128,89,164.34,2023-02-14,2023-10-11,18,true,COLD
INV-0000133,PROD-000261,SKU-5145,WH-09,Sydney Centre,406,71,89,183.56,2023-02-14,2023-10-12,11,true,A
INV-0000134,PROD-000419,SKU-9619,WH-11,Chicago Hub,418,51,82,161.63,2023-02-14,2023-10-13,4,true,COLD
INV-0000135,PROD-000407,SKU-9558,WH-09,Berlin Store,717,23,11,191.34,2023-02-15,2023-10-14,28,true,HAZMAT
INV-0000136,PROD-000131,SKU-9669,WH-08,Sydney Centre,647,63,32,185.88,2023-02-15,2023-10-15,28,true,D
INV-0000137,PROD-000145,SKU-4256,WH-08,London DC,993,26,89,166.67,2023-02-15,2023-10-16,23,true,C
INV-0000138,PROD-000475,SKU-1588,WH-05,Berlin Store,677,177,59,59.23,2023-02-16,2023-10-17,10,true,C
INV-0000139,PROD-000156,SKU-3132,WH-08,Chicago Hub,202,87,13,35.69,2023-02-16,2023-10-18,25,true,COLD
INV-0000140,PROD-000047,SKU-2901,WH-07,Mumbai WH,88,125,32,145.68,2023-02-16,2023-10-19,9,true,A
INV-0000141,PROD-000271,SKU-1700,WH-06,Toronto DC,265,160,84,169.26,2023-02-17,2023-10-20,26,true,COLD
INV-0000142,PROD-000483,SKU-7383,WH-04,Berlin Store,983,192,89,164.8,2023-02-17,2023-10-21,26,true,B
INV-0000143,PROD-000116,SKU-5703,WH-04,Chicago Hub,768,90,48,129.08,2023-02-17,2023-10-22,5,true,HAZMAT
INV-0000144,PROD-000318,SKU-7494,WH-02,Sydney Centre,741,10,23,166.14,2023-02-18,2023-10-23,10,true,A
INV-0000145,PROD-000168,SKU-2797,WH-08,Berlin Store,272,122,16,141.73,2023-02-18,2023-10-24,21,true,D
INV-0000146,PROD-000192,SKU-7263,WH-01,Sydney Centre,468,189,30,133.41,2023-02-18,2023-10-25,7,true,C
INV-0000147,PROD-000226,SKU-1583,WH-02,London DC,703,71,81,10.27,2023-02-19,2023-10-26,24,false,C
INV-0000148,PROD-000071,SKU-7492,WH-04,Berlin Store,946,20,84,92.63,2023-02-19,2023-10-27,20,true,C
INV-0000149,PROD-000193,SKU-8316,WH-02,Mumbai WH,583,142,33,7.74,2023-02-19,2023-10-28,7,true,A
INV-0000150,PROD-000136,SKU-3282,WH-09,Toronto DC,21,124,97,19.38,2023-02-20,2023-10-29,23,true,HAZMAT
INV-0000151,PROD-000409,SKU-3957,WH-02,Toronto DC,854,30,89,108.66,2023-02-20,2023-10-30,2,true,D
INV-0000152,PROD-000113,SKU-4918,WH-06,Toronto DC,933,0,98,10.45,2023-02-20,2023-10-31,12,true,D
INV-0000153,PROD-000424,SKU-6213,WH-09,Mumbai WH,33,104,77,182.73,2023-02-21,2023-11-01,6,true,D
INV-0000154,PROD-000008,SKU-5758,WH-07,Berlin Store,392,29,61,90.62,2023-02-21,2023-11-02,1,true,D
INV-0000155,PROD-000201,SKU-1941,WH-07,Chicago Hub,979,37,98,140.29,2023-02-21,2023-11-03,22,true,D
INV-0000156,PROD-000134,SKU-4408,WH-04,Berlin Store,953,61,71,30.41,2023-02-22,2023-11-04,5,true,C
INV-0000157,PROD-000223,SKU-5549,WH-05,Berlin Store,964,93,84,169.67,2023-02-22,2023-11-05,21,true,A
INV-0000158,PROD-000385,SKU-6523,WH-09,Berlin Store,975,163,46,96.14,2023-02-22,2023-11-06,3,true,A
INV-0000159,PROD-000478,SKU-6685,WH-06,Chicago Hub,22,86,31,112.2,2023-02-23,2023-11-07,26,true,D
INV-0000160,PROD-000363,SKU-6991,,Mumbai WH,151,167,61,130.05,2023-02-23,2023-11-08,29,true,B
INV-0000161,PROD-000251,SKU-5048,WH-10,London DC,499,120,46,108.44,2023-02-23,2023-11-09,10,false,C
INV-0000162,PROD-000256,SKU-5521,WH-03,Toronto DC,603,78,41,113.07,2023-02-24,2023-11-10,15,true,D
INV-0000163,PROD-000496,SKU-4036,WH-02,Sydney Centre,401,101,72,149.16,2023-02-24,2023-11-11,19,true,D
INV-0000164,PROD-000495,SKU-3444,WH-06,Sydney Centre,268,28,64,161.49,2023-02-24,2023-11-12,18,true,B
INV-0000165,PROD-000381,SKU-3798,WH-05,Mumbai WH,254,195,38,61.93,2023-02-25,2023-11-13,1,true,D
INV-0000166,PROD-000082,SKU-4945,WH-02,Chicago Hub,603,60,31,184.49,2023-02-25,2023-11-14,29,true,HAZMAT
INV-0000167,PROD-000132,SKU-1984,WH-09,Sydney Centre,977,180,59,71.43,2023-02-25,2023-11-15,28,true,C
INV-0000168,PROD-000136,SKU-2967,WH-07,Sydney Centre,826,129,39,55.19,2023-02-26,2023-11-16,15,true,A
INV-0000169,PROD-000114,SKU-2041,WH-08,Mumbai WH,174,58,31,62.97,2023-02-26,2023-11-17,17,true,D
INV-0000170,PROD-000483,SKU-4677,WH-08,Sydney Centre,148,97,29,72.34,2023-02-26,2023-11-18,5,true,D
INV-0000171,PROD-000079,SKU-5460,WH-05,Mumbai WH,263,24,69,64.07,2023-02-27,2023-11-19,22,true,C
INV-0000172,PROD-000426,SKU-2468,WH-06,Sydney Centre,733,123,47,168.91,2023-02-27,2023-11-20,15,true,D
INV-0000173,PROD-000403,SKU-2249,WH-03,Mumbai WH,8,12,40,112.67,2023-02-27,2023-11-21,9,true,COLD
INV-0000174,PROD-000264,SKU-5730,WH-09,Berlin Store,704,127,20,193.56,2023-02-28,2023-11-22,9,true,D
INV-0000175,PROD-000153,SKU-3010,WH-11,Toronto DC,580,39,14,17.71,2023-02-28,2023-11-23,3,false,COLD
INV-0000176,PROD-000132,SKU-8811,WH-10,Mumbai WH,659,25,72,123.18,2023-02-28,2023-11-24,23,true,A
INV-0000177,PROD-000337,SKU-2483,WH-05,Chicago Hub,860,44,97,20.11,2023-03-01,2023-11-25,2,true,B
INV-0000178,PROD-000335,SKU-5335,WH-01,Berlin Store,591,17,39,92.31,2023-03-01,2023-11-26,17,true,D
INV-0000179,PROD-000270,SKU-8221,WH-10,Toronto DC,621,177,85,77.16,2023-03-01,2023-11-27,24,true,B
INV-0000180,PROD-000284,SKU-1934,WH-07,Berlin Store,480,187,64,136.47,2023-03-02,2023-11-28,2,true,HAZMAT
INV-0000181,PROD-000412,SKU-5047,WH-09,Mumbai WH,651,184,37,149.34,2023-03-02,2023-11-29,5,true,COLD
INV-0000182,PROD-000377,SKU-5246,WH-04,Sydney Centre,380,143,61,48.38,2023-03-02,2023-11-30,23,true,C
INV-0000183,PROD-000375,SKU-5972,WH-10,Mumbai WH,66,46,21,39.55,2023-03-03,2023-12-01,24,true,COLD
INV-0000184,PROD-000140,SKU-8971,WH-10,Berlin Store,25,151,40,84.48,2023-03-03,2023-12-02,3,true,HAZMAT
INV-0000185,PROD-000031,SKU-6246,WH-01,Berlin Store,714,151,76,49.16,2023-03-03,2023-12-03,8,false,A
INV-0000186,PROD-000229,SKU-4393,,Sydney Centre,637,47,86,135.65,2023-03-04,2023-12-04,18,false,D
INV-0000187,PROD-000169,SKU-4567,WH-06,Mumbai WH,409,167,29,104.02,2023-03-04,2023-12-05,16,true,C
INV-0000188,PROD-000167,SKU-6615,WH-08,London DC,746,199,91,165.57,2023-03-04,2023-12-06,15,true,COLD
INV-0000189,PROD-000260,SKU-3685,WH-03,Sydney Centre,473,75,64,196.27,2023-03-05,2023-12-07,8,true,B
INV-0000190,PROD-000462,SKU-7161,WH-02,Mumbai WH,254,117,30,76.24,2023-03-05,2023-12-08,16,true,B
INV-0000191,PROD-000401,SKU-4441,WH-04,Toronto DC,585,174,80,182.49,2023-03-05,2023-12-09,2,true,COLD
INV-0000192,PROD-000337,SKU-1542,WH-06,Chicago Hub,377,52,89,155.66,2023-03-06,2023-12-10,26,true,HAZMAT
INV-0000193,PROD-000357,SKU-5812,WH-03,Toronto DC,975,197,34,30.68,2023-03-06,2023-12-11,16,true,A
INV-0000194,PROD-000206,SKU-3262,WH-06,Berlin Store,721,60,19,167.35,2023-03-06,2023-12-12,11,true,D
INV-0000195,PROD-000274,SKU-4226,WH-05,Sydney Centre,748,193,35,96.82,2023-03-07,2023-12-13,11,true,COLD
INV-0000196,PROD-000216,SKU-3913,WH-08,Toronto DC,687,46,78,142.12,2023-03-07,2023-12-14,11,true,A
INV-0000197,PROD-000404,SKU-2229,WH-05,Berlin Store,683,148,15,140.82,2023-03-07,2023-12-15,13,true,D
INV-0000198,PROD-000495,SKU-3601,WH-02,Chicago Hub,773,105,36,177.31,2023-03-08,2023-12-16,6,true,HAZMAT
INV-0000199,PROD-000217,SKU-9222,WH-07,Mumbai WH,431,74,38,152.47,2023-03-08,2023-12-17,18,false,HAZMAT
INV-0000200,PROD-000360,SKU-3881,WH-03,Toronto DC,821,87,11,165.1,2023-03-08,2023-12-18,6,true,B
INV-0000201,PROD-000027,SKU-7590,WH-04,Berlin Store,34,45,63,64.86,2023-03-09,2023-12-19,10,true,HAZMAT
INV-0000202,PROD-000200,SKU-4677,WH-08,Chicago Hub,666,134,82,194.65,2023-03-09,2023-12-20,26,false,C
INV-0000203,PROD-000435,SKU-1596,WH-04,London DC,-1,198,24,132.66,2023-03-09,2023-12-21,17,true,C
INV-0000204,PROD-000343,SKU-8538,WH-01,Toronto DC,8,117,89,154.96,2023-03-10,2023-12-22,27,true,B
INV-0000205,PROD-000263,SKU-9150,WH-04,Chicago Hub,660,55,95,171.92,2023-03-10,2023-12-23,20,true,COLD
INV-0000206,PROD-000106,SKU-3120,WH-05,Toronto DC,2,133,88,25.63,2023-03-10,2023-12-24,23,false,A
INV-0000207,PROD-000404,SKU-2534,,Sydney Centre,704,87,75,67.95,2023-03-11,2023-12-25,3,true,COLD
INV-0000208,PROD-000485,SKU-9375,WH-08,Berlin Store,524,184,50,167.35,2023-03-11,2023-12-26,15,true,A
INV-0000209,PROD-000196,SKU-1879,WH-01,London DC,607,52,28,184.47,2023-03-11,2023-12-27,11,true,HAZMAT
INV-0000210,PROD-000404,SKU-8999,WH-09,Mumbai WH,609,103,92,151.46,2023-03-12,2023-12-28,1,true,B
INV-0000211,PROD-000294,SKU-2558,WH-09,Berlin Store,300,99,57,96.98,2023-03-12,2023-12-29,3,true,D
INV-0000212,PROD-000198,SKU-8799,WH-02,Chicago Hub,622,177,50,50.97,2023-03-12,2023-12-30,6,true,B
INV-0000213,PROD-000165,SKU-9396,WH-04,Chicago Hub,221,22,45,105.48,2023-03-13,2023-12-31,1,true,A
INV-0000214,PROD-000251,SKU-3160,WH-09,Sydney Centre,758,123,29,80.06,2023-03-13,2024-01-01,13,false,A
INV-0000215,PROD-000204,SKU-2991,WH-07,Chicago Hub,90,161,44,177.24,2023-03-13,2024-01-02,2,true,HAZMAT
INV-0000216,PROD-000308,SKU-1955,WH-04,Toronto DC,-1,72,81,113.89,2023-03-14,2024-01-03,24,true,A
INV-0000217,PROD-000073,SKU-8082,WH-09,Berlin Store,702,101,60,79.02,2023-03-14,2024-01-04,18,false,A
INV-0000218,PROD-000238,SKU-4144,WH-07,Berlin Store,57,58,45,100.2,2023-03-14,2024-01-05,28,true,D
INV-0000219,PROD-000370,SKU-6786,WH-06,Sydney Centre,970,83,19,186.78,2023-03-15,2024-01-06,3,true,HAZMAT
INV-0000220,PROD-000422,SKU-6527,WH-01,Sydney Centre,30,190,47,123.04,2023-03-15,2024-01-07,3,true,A
INV-0000221,PROD-000140,SKU-5663,WH-08,Toronto DC,525,72,29,46.57,2023-03-15,2024-01-08,26,true,B
INV-0000222,PROD-000300,SKU-3182,WH-02,Chicago Hub,984,40,45,100.52,2023-03-16,2024-01-09,12,true,D
INV-0000223,PROD-000150,SKU-4289,WH-11,London DC,673,115,23,93.67,2023-03-16,2024-01-10,23,true,C
INV-0000224,PROD-000394,SKU-5506,WH-03,Berlin Store,632,93,95,62.77,2023-03-16,2024-01-11,6,true,A
INV-0000225,PROD-000177,SKU-1836,WH-01,Chicago Hub,692,155,25,147.52,2023-03-17,2024-01-12,1,true,HAZMAT
INV-0000226,PROD-000336,SKU-4633,WH-05,London DC,-1,7,21,54.39,2023-03-17,2024-01-13,15,true,C
INV-0000227,PROD-000216,SKU-7395,WH-04,Chicago Hub,161,180,68,99.02,2023-03-17,2024-01-14,17,false,COLD
INV-0000228,PROD-000133,SKU-4795,WH-04,Chicago Hub,308,140,40,88.77,2023-03-18,2024-01-15,4,true,C
INV-0000229,PROD-000288,SKU-4552,WH-11,Mumbai WH,191,168,99,93.91,2023-03-18,2024-01-16,1,true,D
INV-0000230,PROD-000311,SKU-8562,WH-04,Sydney Centre,211,81,46,113.79,2023-03-18,2024-01-17,7,true,HAZMAT
INV-0000231,PROD-000341,SKU-5814,WH-10,Chicago Hub,208,89,68,136.98,2023-03-19,2024-01-18,4,true,B
INV-0000232,PROD-000395,SKU-7634,WH-02,Toronto DC,637,66,85,29.46,2023-03-19,2024-01-19,29,true,COLD
INV-0000233,PROD-000337,SKU-1465,WH-07,Berlin Store,932,166,98,58.38,2023-03-19,2024-01-20,29,true,B
INV-0000234,PROD-000425,SKU-9352,WH-02,Sydney Centre,559,14,82,154.79,2023-03-20,2024-01-21,1,true,B
INV-0000235,PROD-000211,SKU-7982,WH-03,Chicago Hub,15,105,61,181.64,2023-03-20,2024-01-22,14,true,A
INV-0000236,PROD-000254,SKU-8440,WH-02,Sydney Centre,692,51,83,9.89,2023-03-20,2024-01-23,12,true,C
INV-0000237,PROD-000240,SKU-7229,WH-04,Toronto DC,541,127,35,15.6,2023-03-21,2024-01-24,1,true,D
INV-0000238,PROD-000289,SKU-5844,WH-06,London DC,777,192,88,186.83,2023-03-21,2024-01-25,20,true,D
INV-0000239,PROD-000070,SKU-5763,WH-10,Sydney Centre,377,134,88,30.44,2023-03-21,2024-01-26,25,true,C
INV-0000240,PROD-000427,SKU-6619,WH-09,Sydney Centre,428,8,44,195.88,2023-03-22,2024-01-27,18,true,C
INV-0000241,PROD-000260,SKU-5466,WH-08,Berlin Store,659,79,16,165.82,2023-03-22,2024-01-28,27,true,B
INV-0000242,PROD-000276,SKU-7565,WH-06,Toronto DC,707,6,71,25.02,2023-03-22,2024-01-29,19,true,HAZMAT
INV-0000243,PROD-000438,SKU-4032,WH-04,Chicago Hub,220,97,19,21.4,2023-03-23,2024-01-30,16,true,C
INV-0000244,PROD-000232,SKU-7923,WH-04,Chicago Hub,586,34,11,195.48,2023-03-23,2024-01-31,28,true,B
INV-0000245,PROD-000230,SKU-4081,WH-02,Chicago Hub,961,138,95,51.71,2023-03-23,2024-02-01,21,false,HAZMAT
INV-0000246,PROD-000282,SKU-5282,WH-08,London DC,64,106,61,108.19,2023-03-24,2024-02-02,23,false,D
INV-0000247,PROD-000469,SKU-1616,WH-09,Mumbai WH,331,61,68,48.01,2023-03-24,2024-02-03,23,true,HAZMAT
INV-0000248,PROD-000126,SKU-9102,WH-07,Toronto DC,533,171,89,120.53,2023-03-24,2024-02-04,1,true,C
INV-0000249,PROD-000077,SKU-7179,WH-07,Sydney Centre,925,149,93,168.17,2023-03-25,2024-02-05,22,true,C
INV-0000250,PROD-000053,SKU-3246,WH-05,Berlin Store,968,125,96,131.72,2023-03-25,2024-02-06,22,true,COLD
INV-0000251,PROD-000368,SKU-1404,WH-11,Sydney Centre,589,70,21,10.28,2023-03-25,2024-02-07,15,true,HAZMAT
INV-0000252,PROD-000005,SKU-8667,WH-10,Toronto DC,546,54,39,119.44,2023-03-26,2024-02-08,17,true,COLD
INV-0000253,PROD-000353,SKU-1012,WH-05,London DC,414,117,79,132.54,2023-03-26,2024-02-09,25,true,C
INV-0000254,PROD-000442,SKU-5337,WH-09,Berlin Store,445,158,12,40.98,2023-03-26,2024-02-10,5,false,D
INV-0000255,PROD-000340,SKU-1278,WH-04,London DC,733,167,31,152.66,2023-03-27,2024-02-11,16,true,C
INV-0000256,PROD-000085,SKU-7240,WH-02,London DC,544,155,56,125.75,2023-03-27,2024-02-12,23,true,C
INV-0000257,PROD-000331,SKU-2830,WH-04,Toronto DC,553,4,40,2.9,2023-03-27,2024-02-13,8,true,C
INV-0000258,PROD-000221,SKU-4843,WH-10,Chicago Hub,843,196,25,190.16,2023-03-28,2024-02-14,8,true,A
INV-0000259,PROD-000011,SKU-6131,WH-06,London DC,138,48,90,89.67,2023-03-28,2024-02-15,1,true,HAZMAT
INV-0000260,PROD-000098,SKU-4334,WH-10,Mumbai WH,957,2,50,47.24,2023-03-28,2024-02-16,10,true,A
INV-0000261,PROD-000371,SKU-7129,WH-04,Chicago Hub,704,112,47,18.15,2023-03-29,2024-02-17,11,true,B
INV-0000262,PROD-000280,SKU-5572,WH-06,Berlin Store,586,91,69,75.51,2023-03-29,2024-02-18,28,true,B
INV-0000263,PROD-000249,SKU-4786,WH-01,Mumbai WH,579,21,70,62.25,2023-03-29,2024-02-19,3,true,B
INV-0000264,PROD-000388,SKU-3899,WH-09,Mumbai WH,576,42,54,60.29,2023-03-30,2024-02-20,19,true,C
INV-0000265,PROD-000262,SKU-4677,WH-04,London DC,565,41,89,158.85,2023-03-30,2024-02-21,2,true,HAZMAT
INV-0000266,PROD-000484,SKU-3889,WH-02,Toronto DC,350,87,36,129.54,2023-03-30,2024-02-22,24,true,B
INV-0000267,PROD-000025,SKU-6190,WH-03,Mumbai WH,738,149,88,27.48,2023-03-31,2024-02-23,14,true,COLD
INV-0000268,PROD-000143,SKU-7880,WH-08,Berlin Store,252,136,88,141.91,2023-03-31,2024-02-24,13,false,COLD
INV-0000269,PROD-000094,SKU-6370,WH-09,Sydney Centre,653,5,10,144.97,2023-03-31,2024-02-25,28,true,COLD
INV-0000270,PROD-000206,SKU-1289,WH-11,Toronto DC,526,34,77,103.34,2023-04-01,2024-02-26,22,true,D
INV-0000271,PROD-000455,SKU-8604,WH-03,Sydney Centre,366,122,24,199.16,2023-04-01,2024-02-27,4,true,COLD
INV-0000272,PROD-000204,SKU-8073,WH-07,Toronto DC,803,160,53,57.41,2023-04-01,2024-02-28,8,true,COLD
INV-0000273,PROD-000157,SKU-8370,WH-06,Berlin Store,318,6,92,12.63,2023-04-02,2024-02-29,8,true,COLD
INV-0000274,PROD-000042,SKU-1448,WH-08,Chicago Hub,659,67,27,6.73,2023-04-02,2024-03-01,18,true,D
INV-0000275,PROD-000196,SKU-8410,WH-08,Chicago Hub,250,23,60,64.79,2023-04-02,2024-03-02,25,true,A
INV-0000276,PROD-000114,SKU-5203,WH-01,Berlin Store,200,97,79,100.09,2023-04-03,2024-03-03,19,true,D
INV-0000277,PROD-000094,SKU-8596,,Chicago Hub,575,78,53,16.57,2023-04-03,2024-03-04,12,true,COLD
INV-0000278,PROD-000066,SKU-8032,WH-07,London DC,975,34,17,113.59,2023-04-03,2024-03-05,22,true,C
INV-0000279,PROD-000316,SKU-8917,WH-06,Berlin Store,299,192,15,180.27,2023-04-04,2024-03-06,23,true,B
INV-0000280,PROD-000354,SKU-2097,WH-10,Mumbai WH,114,152,56,159.58,2023-04-04,2024-03-07,3,true,D
INV-0000281,PROD-000370,SKU-5997,WH-10,London DC,120,109,12,134.82,2023-04-04,2024-03-08,16,true,A
INV-0000282,PROD-000026,SKU-7555,WH-01,London DC,491,153,11,132.68,2023-04-05,2024-03-09,21,true,COLD
INV-0000283,PROD-000460,SKU-6355,WH-07,London DC,782,62,95,146.33,2023-04-05,2024-03-10,18,false,HAZMAT
INV-0000284,PROD-000253,SKU-8304,WH-05,Toronto DC,712,187,57,99.35,2023-04-05,2024-03-11,8,true,C
INV-0000285,PROD-000281,SKU-7544,WH-06,Mumbai WH,209,82,52,80.96,2023-04-06,2024-03-12,5,true,A
INV-0000286,PROD-000438,SKU-1321,WH-01,Toronto DC,834,77,19,62.02,2023-04-06,2024-03-13,9,true,B
INV-0000287,PROD-000137,SKU-2790,WH-10,Berlin Store,164,113,80,20.82,2023-04-06,2024-03-14,11,true,A
INV-0000288,PROD-000251,SKU-6709,WH-02,London DC,559,115,55,112.87,2023-04-07,2024-03-15,27,true,C
INV-0000289,PROD-000035,SKU-4243,WH-11,Chicago Hub,849,123,29,95.03,2023-04-07,2024-03-16,19,true,B
INV-0000290,PROD-000246,SKU-4209,WH-11,Toronto DC,807,166,77,24.66,2023-04-07,2024-03-17,25,true,COLD
INV-0000291,PROD-000133,SKU-9212,WH-10,Toronto DC,702,53,31,54.39,2023-04-08,2024-03-18,1,false,HAZMAT
INV-0000292,PROD-000091,SKU-1805,WH-02,Chicago Hub,331,141,55,157.65,2023-04-08,2024-03-19,23,true,C
INV-0000293,PROD-000309,SKU-5704,WH-05,London DC,766,39,60,51.87,2023-04-08,2024-03-20,6,true,HAZMAT
INV-0000294,PROD-000065,SKU-3803,WH-01,Berlin Store,386,48,35,85.72,2023-04-09,2024-03-21,17,true,C
INV-0000295,PROD-000487,SKU-1466,WH-07,Toronto DC,350,99,88,33.1,2023-04-09,2024-03-22,12,true,A
INV-0000296,PROD-000116,SKU-4374,WH-10,Toronto DC,532,104,73,34.8,2023-04-09,2024-03-23,26,true,HAZMAT
INV-0000297,PROD-000039,SKU-4649,WH-06,London DC,617,128,35,151.51,2023-04-10,2024-03-24,20,true,C
INV-0000298,PROD-000223,SKU-5092,WH-01,Toronto DC,209,27,24,14.27,2023-04-10,2024-03-25,14,true,HAZMAT
INV-0000299,PROD-000194,SKU-2446,WH-04,Berlin Store,932,163,39,57.72,2023-04-10,2024-03-26,15,true,COLD
INV-0000300,PROD-000328,SKU-7552,WH-02,Mumbai WH,866,111,51,196.19,2023-04-11,2024-03-27,21,true,HAZMAT
INV-0000301,PROD-000333,SKU-4206,WH-05,Mumbai WH,282,118,59,95.7,2023-04-11,2024-03-28,21,true,D
INV-0000302,PROD-000296,SKU-6160,WH-05,Berlin Store,241,149,46,121.64,2023-04-11,2024-03-29,17,false,D
INV-0000303,PROD-000287,SKU-5904,WH-10,Toronto DC,68,138,13,128.52,2023-04-12,2024-03-30,22,true,B
INV-0000304,PROD-000388,SKU-6079,WH-03,Toronto DC,406,85,70,40.03,2023-04-12,2024-03-31,23,true,B
INV-0000305,PROD-000325,SKU-5545,WH-04,Mumbai WH,170,96,44,74.5,2023-04-12,2024-04-01,1,false,B
INV-0000306,PROD-000069,SKU-3710,WH-03,London DC,930,46,40,80.74,2023-04-13,2024-04-02,11,true,B
INV-0000307,PROD-000231,SKU-5413,WH-10,Toronto DC,897,113,60,46.91,2023-04-13,2024-04-03,27,true,D
INV-0000308,PROD-000343,SKU-5772,WH-04,London DC,828,40,85,47.56,2023-04-13,2024-04-04,10,true,HAZMAT
INV-0000309,PROD-000133,SKU-1165,WH-11,Berlin Store,281,127,10,121.97,2023-04-14,2024-04-05,24,true,A
INV-0000310,PROD-000431,SKU-7513,WH-08,Sydney Centre,690,83,96,22.59,2023-04-14,2024-04-06,16,true,D
INV-0000311,PROD-000241,SKU-5005,WH-04,Sydney Centre,491,47,67,26.7,2023-04-14,2024-04-07,8,true,COLD
INV-0000312,PROD-000160,SKU-3634,WH-07,London DC,273,95,59,115.09,2023-04-15,2024-04-08,11,true,C
INV-0000313,PROD-000190,SKU-1260,WH-02,London DC,534,186,14,90.42,2023-04-15,2024-04-09,15,false,B
INV-0000314,PROD-000309,SKU-3742,WH-10,Sydney Centre,165,112,74,122.77,2023-04-15,2024-04-10,4,true,C
INV-0000315,PROD-000354,SKU-4643,WH-11,London DC,960,69,74,6.36,2023-04-16,2024-04-11,9,true,COLD
INV-0000316,PROD-000127,SKU-8529,WH-04,Berlin Store,163,90,60,141.28,2023-04-16,2024-04-12,20,false,HAZMAT
INV-0000317,PROD-000085,SKU-6822,WH-02,Toronto DC,301,120,82,170.13,2023-04-16,2024-04-13,27,true,COLD
INV-0000318,PROD-000045,SKU-4764,WH-05,Chicago Hub,221,30,85,105.3,2023-04-17,2024-04-14,28,true,C
INV-0000319,PROD-000248,SKU-2133,WH-09,Toronto DC,521,112,85,168.33,2023-04-17,2024-04-15,12,true,D
INV-0000320,PROD-000463,SKU-3472,WH-07,London DC,672,6,39,80.53,2023-04-17,2024-04-16,24,true,COLD
INV-0000321,PROD-000479,SKU-9250,WH-01,Chicago Hub,958,170,70,16.71,2023-04-18,2024-04-17,12,true,COLD
INV-0000322,PROD-000279,SKU-2150,WH-01,Toronto DC,388,121,15,76.13,2023-04-18,2024-04-18,24,true,A
INV-0000323,PROD-000265,SKU-6673,WH-03,London DC,201,22,60,89.83,2023-04-18,2024-04-19,27,true,A
INV-0000324,PROD-000251,SKU-5653,WH-09,Sydney Centre,21,93,23,173.24,2023-04-19,2024-04-20,13,true,C
INV-0000325,PROD-000118,SKU-2958,WH-03,Chicago Hub,597,176,37,67.61,2023-04-19,2024-04-21,18,true,B
INV-0000326,PROD-000207,SKU-8860,WH-10,Chicago Hub,979,192,70,63.71,2023-04-19,2024-04-22,26,true,D
INV-0000327,PROD-000467,SKU-4546,WH-04,London DC,63,27,48,177.72,2023-04-20,2024-04-23,4,true,D
INV-0000328,PROD-000308,SKU-6950,WH-10,Sydney Centre,996,54,87,50.94,2023-04-20,2024-04-24,8,true,HAZMAT
INV-0000329,PROD-000122,SKU-1872,WH-11,London DC,262,28,17,128.85,2023-04-20,2024-04-25,19,true,COLD
INV-0000330,PROD-000043,SKU-9690,WH-09,London DC,908,73,97,66.0,2023-04-21,2024-04-26,6,true,A
INV-0000331,PROD-000375,SKU-1198,WH-02,Toronto DC,69,172,73,190.34,2023-04-21,2024-04-27,24,true,HAZMAT
INV-0000332,PROD-000451,SKU-3793,WH-01,London DC,891,141,48,38.74,2023-04-21,2024-04-28,8,true,COLD
INV-0000333,PROD-000054,SKU-9241,WH-02,Chicago Hub,330,51,12,145.06,2023-04-22,2024-04-29,10,true,C
INV-0000334,PROD-000187,SKU-6740,WH-07,Chicago Hub,274,65,13,110.46,2023-04-22,2024-04-30,24,true,A
INV-0000335,PROD-000426,SKU-7075,WH-08,Toronto DC,206,122,47,195.76,2023-04-22,2024-05-01,16,true,COLD
INV-0000336,PROD-000126,SKU-3829,WH-11,Mumbai WH,133,119,61,198.82,2023-04-23,2024-05-02,23,true,B
INV-0000337,PROD-000090,SKU-8016,WH-11,Toronto DC,798,92,55,158.95,2023-04-23,2024-05-03,19,true,B
INV-0000338,PROD-000197,SKU-9383,WH-04,Berlin Store,69,84,36,21.59,2023-04-23,2024-05-04,15,true,C
INV-0000339,PROD-000197,SKU-6598,WH-05,London DC,463,186,68,94.33,2023-04-24,2024-05-05,15,true,A
INV-0000340,PROD-000240,SKU-2965,WH-09,Berlin Store,948,100,65,171.05,2023-04-24,2024-05-06,24,true,C
INV-0000341,PROD-000482,SKU-9159,WH-09,Mumbai WH,405,156,40,128.06,2023-04-24,2024-05-07,29,true,B
INV-0000342,PROD-000486,SKU-1038,WH-04,Sydney Centre,827,191,39,175.91,2023-04-25,2024-05-08,1,true,A
INV-0000343,PROD-000289,SKU-9062,WH-01,Sydney Centre,692,66,49,160.07,2023-04-25,2024-05-09,15,false,HAZMAT
INV-0000344,PROD-000037,SKU-1086,WH-02,Berlin Store,795,155,76,63.28,2023-04-25,2024-05-10,23,true,B
INV-0000345,PROD-000131,SKU-1523,WH-10,London DC,947,162,62,39.82,2023-04-26,2024-05-11,19,false,D
INV-0000346,PROD-000090,SKU-1378,WH-04,Chicago Hub,97,43,21,65.19,2023-04-26,2024-05-12,15,true,COLD
INV-0000347,PROD-000000,SKU-2705,WH-08,Berlin Store,301,45,93,139.49,2023-04-26,2024-05-13,24,true,C
INV-0000348,PROD-000191,SKU-7545,WH-09,Toronto DC,321,32,28,96.73,2023-04-27,2024-05-14,14,true,B
INV-0000349,PROD-000003,SKU-4561,,Sydney Centre,66,123,70,9.73,2023-04-27,2024-05-15,4,true,COLD
INV-0000350,PROD-000287,SKU-1712,WH-06,Chicago Hub,106,152,11,148.75,2023-04-27,2024-05-16,8,true,COLD
INV-0000351,PROD-000137,SKU-4069,WH-08,Chicago Hub,109,150,32,9.89,2023-04-28,2024-05-17,2,true,A
INV-0000352,PROD-000362,SKU-9978,WH-03,Sydney Centre,949,77,60,82.45,2023-04-28,2024-05-18,21,true,COLD
INV-0000353,PROD-000263,SKU-5729,WH-11,Toronto DC,857,140,86,92.99,2023-04-28,2024-05-19,29,true,A
INV-0000354,PROD-000475,SKU-7561,WH-10,Sydney Centre,588,5,60,101.1,2023-04-29,2024-05-20,12,true,COLD
INV-0000355,PROD-000242,SKU-3398,WH-05,London DC,845,131,14,28.68,2023-04-29,2024-05-21,22,true,A
INV-0000356,PROD-000078,SKU-5686,WH-05,Sydney Centre,343,94,96,149.81,2023-04-29,2024-05-22,29,true,A
INV-0000357,PROD-000460,SKU-8176,WH-09,Chicago Hub,475,165,34,170.03,2023-04-30,2024-05-23,12,true,A
INV-0000358,PROD-000154,SKU-7069,WH-05,Mumbai WH,883,193,42,139.88,2023-04-30,2024-05-24,26,true,COLD
INV-0000359,PROD-000382,SKU-1067,WH-08,Toronto DC,147,111,19,190.26,2023-04-30,2024-05-25,1,true,C
INV-0000360,PROD-000391,SKU-6463,WH-01,Sydney Centre,146,124,72,52.24,2023-05-01,2024-05-26,20,true,D
INV-0000361,PROD-000462,SKU-8122,WH-03,Chicago Hub,526,185,50,32.99,2023-05-01,2024-05-27,5,true,B
INV-0000362,PROD-000320,SKU-2216,WH-09,London DC,252,68,29,14.39,2023-05-01,2024-05-28,23,true,A
INV-0000363,PROD-000255,SKU-4539,WH-11,Chicago Hub,668,28,67,144.58,2023-05-02,2024-05-29,1,true,COLD
INV-0000364,PROD-000192,SKU-6804,WH-01,Mumbai WH,635,101,27,33.26,2023-05-02,2024-05-30,25,true,COLD
INV-0000365,PROD-000223,SKU-1046,WH-09,London DC,332,71,57,187.7,2023-05-02,2024-05-31,12,true,HAZMAT
INV-0000366,PROD-000390,SKU-7395,WH-01,Toronto DC,115,126,69,120.07,2023-05-03,2024-06-01,7,true,A
INV-0000367,PROD-000283,SKU-8622,WH-10,London DC,82,156,83,161.02,2023-05-03,2024-06-02,17,true,HAZMAT
INV-0000368,PROD-000024,SKU-5735,WH-03,Chicago Hub,442,100,72,87.5,2023-05-03,2024-06-03,29,true,D
INV-0000369,PROD-000186,SKU-5020,WH-04,Mumbai WH,321,61,61,147.23,2023-05-04,2024-06-04,5,true,B
INV-0000370,PROD-000457,SKU-1826,WH-08,Berlin Store,33,112,13,89.29,2023-05-04,2024-06-05,9,true,B
INV-0000371,PROD-000105,SKU-7521,WH-10,Berlin Store,690,88,30,108.21,2023-05-04,2024-06-06,19,false,D
INV-0000372,PROD-000236,SKU-9487,WH-05,Toronto DC,957,37,62,154.94,2023-05-05,2024-06-07,3,true,D
INV-0000373,PROD-000418,SKU-8905,WH-04,Mumbai WH,978,154,58,48.39,2023-05-05,2024-06-08,28,true,A
INV-0000374,PROD-000145,SKU-5946,WH-11,Sydney Centre,117,66,58,177.02,2023-05-05,2024-06-09,16,true,C
INV-0000375,PROD-000340,SKU-1308,WH-11,Sydney Centre,190,107,76,143.54,2023-05-06,2024-06-10,29,true,B
INV-0000376,PROD-000392,SKU-3572,WH-06,Chicago Hub,431,181,91,149.56,2023-05-06,2024-06-11,13,true,HAZMAT
INV-0000377,PROD-000162,SKU-3359,WH-01,Chicago Hub,914,37,55,48.39,2023-05-06,2024-06-12,25,true,D
INV-0000378,PROD-000447,SKU-1067,WH-11,Berlin Store,574,85,22,18.94,2023-05-07,2024-06-13,10,true,C
INV-0000379,PROD-000223,SKU-2069,WH-07,Mumbai WH,456,34,49,15.5,2023-05-07,2024-06-14,13,true,C
INV-0000380,PROD-000148,SKU-6172,WH-07,Berlin Store,925,87,32,129.76,2023-05-07,2024-06-15,11,true,HAZMAT
INV-0000381,PROD-000112,SKU-1881,WH-02,Toronto DC,663,60,57,30.85,2023-05-08,2024-06-16,16,true,COLD
INV-0000382,PROD-000133,SKU-1347,WH-11,London DC,984,183,63,199.84,2023-05-08,2024-06-17,7,true,C
INV-0000383,PROD-000281,SKU-9509,WH-08,Berlin Store,863,60,59,192.25,2023-05-08,2024-06-18,15,true,HAZMAT
INV-0000384,PROD-000112,SKU-6441,WH-03,London DC,998,122,62,6.81,2023-05-09,2024-06-19,25,true,D
INV-0000385,PROD-000179,SKU-8249,WH-05,Berlin Store,557,27,37,145.29,2023-05-09,2024-06-20,5,true,A
INV-0000386,PROD-000355,SKU-3236,WH-04,Chicago Hub,374,91,25,52.89,2023-05-09,2024-06-21,23,true,D
INV-0000387,PROD-000437,SKU-4282,WH-10,London DC,61,166,86,68.84,2023-05-10,2024-06-22,25,true,HAZMAT
INV-0000388,PROD-000339,SKU-6493,WH-06,Mumbai WH,729,134,46,48.82,2023-05-10,2024-06-23,2,true,HAZMAT
INV-0000389,PROD-000264,SKU-7184,WH-10,Mumbai WH,265,56,28,166.28,2023-05-10,2024-06-24,20,true,A
INV-0000390,PROD-000348,SKU-4313,WH-08,Chicago Hub,10,194,99,178.86,2023-05-11,2024-06-25,15,true,HAZMAT
INV-0000391,PROD-000205,SKU-9274,WH-05,Toronto DC,802,160,12,9.04,2023-05-11,2024-06-26,19,true,HAZMAT
INV-0000392,PROD-000135,SKU-7330,WH-05,Chicago Hub,424,80,41,54.74,2023-05-11,2024-06-27,9,true,A
INV-0000393,PROD-000374,SKU-2987,WH-09,Toronto DC,552,194,76,90.29,2023-05-12,2024-06-28,7,true,D
INV-0000394,PROD-000067,SKU-1883,WH-06,London DC,783,37,46,104.84,2023-05-12,2024-06-29,9,true,COLD
INV-0000395,PROD-000452,SKU-1127,WH-08,Berlin Store,329,66,85,18.44,2023-05-12,2024-06-30,5,false,A
INV-0000396,PROD-000214,SKU-8600,WH-02,Berlin Store,816,186,42,166.18,2023-05-13,2024-07-01,12,true,COLD
INV-0000397,PROD-000408,SKU-8416,WH-05,Mumbai WH,583,194,67,186.86,2023-05-13,2024-07-02,26,true,C
INV-0000398,PROD-000049,SKU-5309,WH-07,Sydney Centre,567,164,48,81.17,2023-05-13,2024-07-03,23,true,B
INV-0000399,PROD-000247,SKU-7503,WH-04,Chicago Hub,268,38,52,171.59,2023-05-14,2024-07-04,6,false,B
INV-0000400,PROD-000210,SKU-8950,WH-10,Toronto DC,788,43,54,135.59,2023-05-14,2024-07-05,17,true,D
INV-0000401,PROD-000178,SKU-2442,WH-03,Chicago Hub,241,129,97,118.76,2023-05-14,2024-07-06,3,true,COLD
INV-0000402,PROD-000255,SKU-9826,WH-10,Sydney Centre,619,11,78,163.99,2023-05-15,2024-07-07,2,false,COLD
INV-0000403,PROD-000331,SKU-5406,WH-01,Chicago Hub,828,198,43,95.13,2023-05-15,2024-07-08,19,true,B
INV-0000404,PROD-000470,SKU-4943,WH-05,Berlin Store,116,188,47,110.0,2023-05-15,2024-07-09,9,true,COLD
INV-0000405,PROD-000408,SKU-2443,WH-06,Mumbai WH,400,161,46,55.66,2023-05-16,2024-07-10,21,true,COLD
INV-0000406,PROD-000115,SKU-7051,WH-03,Mumbai WH,677,193,76,142.72,2023-05-16,2024-07-11,5,true,A
INV-0000407,PROD-000489,SKU-6422,WH-06,Chicago Hub,273,45,63,32.65,2023-05-16,2024-07-12,4,true,B
INV-0000408,PROD-000249,SKU-1269,WH-10,London DC,27,176,58,49.39,2023-05-17,2024-07-13,21,true,A
INV-0000409,PROD-000228,SKU-6827,WH-05,Mumbai WH,409,51,48,96.5,2023-05-17,2024-07-14,6,true,HAZMAT
INV-0000410,PROD-000005,SKU-2272,WH-06,Berlin Store,496,24,45,77.68,2023-05-17,2024-07-15,2,false,C
INV-0000411,PROD-000334,SKU-3489,WH-11,Sydney Centre,920,52,59,48.68,2023-05-18,2024-07-16,23,true,B
INV-0000412,PROD-000443,SKU-6504,WH-11,London DC,807,154,84,39.19,2023-05-18,2024-07-17,21,true,HAZMAT
INV-0000413,PROD-000146,SKU-8026,WH-01,Sydney Centre,180,188,96,172.32,2023-05-18,2024-07-18,27,true,COLD
INV-0000414,PROD-000433,SKU-2207,WH-08,London DC,277,122,15,118.58,2023-05-19,2024-07-19,18,true,HAZMAT
INV-0000415,PROD-000043,SKU-5261,WH-10,Sydney Centre,185,49,31,76.1,2023-05-19,2024-07-20,14,true,COLD
INV-0000416,PROD-000483,SKU-3565,WH-11,Sydney Centre,910,120,71,169.31,2023-05-19,2024-07-21,20,true,HAZMAT
INV-0000417,PROD-000126,SKU-7356,WH-09,London DC,353,101,23,165.21,2023-05-20,2024-07-22,23,true,B
INV-0000418,PROD-000240,SKU-8452,WH-01,London DC,891,103,64,23.07,2023-05-20,2024-07-23,19,true,B
INV-0000419,PROD-000007,SKU-6757,WH-09,Sydney Centre,60,69,48,113.89,2023-05-20,2024-07-24,10,true,A
INV-0000420,PROD-000449,SKU-8153,WH-10,Sydney Centre,558,27,27,61.82,2023-05-21,2024-07-25,26,true,C
INV-0000421,PROD-000254,SKU-5056,WH-06,Toronto DC,74,72,55,108.63,2023-05-21,2024-07-26,21,true,D
INV-0000422,PROD-000485,SKU-6380,WH-01,Mumbai WH,554,178,55,143.88,2023-05-21,2024-07-27,26,true,D
INV-0000423,PROD-000186,SKU-3634,WH-03,Mumbai WH,10,81,74,2.69,2023-05-22,2024-07-28,17,true,COLD
INV-0000424,PROD-000029,SKU-9895,WH-04,Mumbai WH,156,4,84,103.2,2023-05-22,2024-07-29,14,true,COLD
INV-0000425,PROD-000339,SKU-2838,WH-10,Toronto DC,146,69,95,59.05,2023-05-22,2024-07-30,25,true,COLD
INV-0000426,PROD-000081,SKU-9289,WH-02,London DC,709,92,49,107.27,2023-05-23,2024-07-31,18,true,D
INV-0000427,PROD-000307,SKU-7712,WH-09,Mumbai WH,640,119,71,22.86,2023-05-23,2024-08-01,23,true,B
INV-0000428,PROD-000017,SKU-9880,WH-02,Mumbai WH,558,128,80,163.7,2023-05-23,2024-08-02,26,false,C
INV-0000429,PROD-000083,SKU-6776,WH-10,Sydney Centre,196,85,98,109.19,2023-05-24,2024-08-03,9,true,HAZMAT
INV-0000430,PROD-000318,SKU-4168,WH-01,Berlin Store,265,28,68,43.0,2023-05-24,2024-08-04,6,true,COLD
INV-0000431,PROD-000336,SKU-3528,WH-03,Mumbai WH,377,88,32,154.17,2023-05-24,2024-08-05,5,true,HAZMAT
INV-0000432,PROD-000076,SKU-2616,WH-02,London DC,978,0,40,8.52,2023-05-25,2024-08-06,18,true,D
INV-0000433,PROD-000093,SKU-9702,WH-07,Berlin Store,705,101,28,118.97,2023-05-25,2024-08-07,24,false,COLD
INV-0000434,PROD-000429,SKU-1958,WH-09,London DC,31,89,27,100.85,2023-05-25,2024-08-08,29,true,C
INV-0000435,PROD-000002,SKU-8292,WH-05,Toronto DC,31,71,37,8.89,2023-05-26,2024-08-09,1,true,A
INV-0000436,PROD-000115,SKU-7285,WH-06,Sydney Centre,347,132,54,50.69,2023-05-26,2024-08-10,1,false,COLD
INV-0000437,PROD-000485,SKU-2141,WH-08,Mumbai WH,209,150,80,16.35,2023-05-26,2024-08-11,20,true,A
INV-0000438,PROD-000273,SKU-9240,WH-06,London DC,407,52,36,146.74,2023-05-27,2024-08-12,8,true,D
INV-0000439,PROD-000013,SKU-2462,WH-09,Berlin Store,995,100,26,141.45,2023-05-27,2024-08-13,14,true,HAZMAT
INV-0000440,PROD-000446,SKU-2447,WH-04,Sydney Centre,195,101,21,18.77,2023-05-27,2024-08-14,3,true,A
INV-0000441,PROD-000170,SKU-5895,WH-02,Toronto DC,596,101,27,22.73,2023-05-28,2024-08-15,3,true,COLD
INV-0000442,PROD-000357,SKU-1928,WH-03,Berlin Store,482,80,48,176.18,2023-05-28,2024-08-16,16,true,HAZMAT
INV-0000443,PROD-000318,SKU-1921,WH-02,Berlin Store,659,41,47,40.97,2023-05-28,2024-08-17,20,true,D
INV-0000444,PROD-000183,SKU-6617,WH-01,Chicago Hub,546,34,45,61.43,2023-05-29,2024-08-18,26,true,COLD
INV-0000445,PROD-000185,SKU-9678,WH-01,Chicago Hub,516,6,38,137.17,2023-05-29,2024-08-19,15,true,HAZMAT
INV-0000446,PROD-000275,SKU-1479,WH-01,Sydney Centre,276,10,50,13.08,2023-05-29,2024-08-20,19,true,COLD
INV-0000447,PROD-000190,SKU-6741,WH-02,Chicago Hub,965,161,68,189.58,2023-05-30,2024-08-21,25,true,A
INV-0000448,PROD-000087,SKU-6414,WH-07,Toronto DC,267,13,14,5.58,2023-05-30,2024-08-22,13,true,COLD
INV-0000449,PROD-000361,SKU-1595,WH-03,Toronto DC,144,171,90,169.98,2023-05-30,2024-08-23,7,true,COLD
INV-0000450,PROD-000337,SKU-2345,WH-07,Sydney Centre,95,179,37,72.82,2023-05-31,2024-08-24,24,true,B
INV-0000451,PROD-000301,SKU-4990,WH-01,Berlin Store,67,48,22,30.86,2023-05-31,2024-08-25,1,true,D
INV-0000452,PROD-000370,SKU-7239,WH-09,Mumbai WH,353,88,25,76.12,2023-05-31,2024-08-26,9,true,HAZMAT
INV-0000453,PROD-000259,SKU-2997,WH-04,Toronto DC,816,72,59,194.6,2023-06-01,2024-08-27,4,false,HAZMAT
INV-0000454,PROD-000464,SKU-4907,WH-05,Chicago Hub,154,78,56,106.27,2023-06-01,2024-08-28,19,true,HAZMAT
INV-0000455,PROD-000443,SKU-5413,WH-08,London DC,4,71,17,12.8,2023-06-01,2024-08-29,8,true,COLD
INV-0000456,PROD-000490,SKU-7405,WH-11,Berlin Store,529,68,54,188.37,2023-06-02,2024-08-30,10,true,A
INV-0000457,PROD-000054,SKU-3222,WH-09,Berlin Store,561,136,29,29.57,2023-06-02,2024-08-31,19,true,C
INV-0000458,PROD-000050,SKU-7201,WH-05,London DC,563,82,92,11.88,2023-06-02,2024-09-01,9,true,B
INV-0000459,PROD-000234,SKU-8485,WH-04,Berlin Store,1,37,37,10.04,2023-06-03,2024-09-02,11,true,A
INV-0000460,PROD-000346,SKU-6243,WH-04,Mumbai WH,203,75,99,165.44,2023-06-03,2024-09-03,15,true,B
INV-0000461,PROD-000119,SKU-7489,WH-01,Toronto DC,348,195,62,31.45,2023-06-03,2024-09-04,4,true,HAZMAT
INV-0000462,PROD-000057,SKU-2507,WH-04,London DC,739,197,96,36.62,2023-06-04,2024-09-05,28,true,D
INV-0000463,PROD-000018,SKU-9158,WH-09,Berlin Store,650,12,59,188.88,2023-06-04,2024-09-06,29,true,COLD
INV-0000464,PROD-000277,SKU-3710,WH-04,London DC,814,115,21,122.71,2023-06-04,2024-09-07,21,true,D
INV-0000465,PROD-000489,SKU-2781,WH-05,Chicago Hub,547,194,67,57.8,2023-06-05,2024-09-08,4,true,C
INV-0000466,PROD-000232,SKU-5935,WH-01,Berlin Store,403,38,52,117.7,2023-06-05,2024-09-09,14,true,C
INV-0000467,PROD-000367,SKU-4468,WH-03,Berlin Store,559,13,83,49.38,2023-06-05,2024-09-10,11,true,HAZMAT
INV-0000468,PROD-000025,SKU-5151,WH-01,London DC,384,42,45,99.36,2023-06-06,2024-09-11,5,true,B
INV-0000469,PROD-000108,SKU-8248,WH-06,Sydney Centre,157,63,26,67.59,2023-06-06,2024-09-12,26,true,B
INV-0000470,PROD-000340,SKU-5822,WH-04,Toronto DC,-1,186,20,124.9,2023-06-06,2024-09-13,13,true,HAZMAT
INV-0000471,PROD-000201,SKU-4364,WH-11,Mumbai WH,294,50,76,152.0,2023-06-07,2024-09-14,19,true,C
INV-0000472,PROD-000013,SKU-8201,WH-07,Sydney Centre,264,66,30,70.35,2023-06-07,2024-09-15,21,true,HAZMAT
INV-0000473,PROD-000113,SKU-4411,WH-05,London DC,710,51,70,29.64,2023-06-07,2024-09-16,10,true,HAZMAT
INV-0000474,PROD-000396,SKU-9623,WH-06,Sydney Centre,66,78,22,71.79,2023-06-08,2024-09-17,11,true,A
INV-0000475,PROD-000342,SKU-9873,WH-11,Toronto DC,23,198,17,151.87,2023-06-08,2024-09-18,29,true,COLD
INV-0000476,PROD-000404,SKU-5222,WH-02,Sydney Centre,356,16,73,157.63,2023-06-08,2024-09-19,24,true,A
INV-0000477,PROD-000175,SKU-7936,WH-03,Chicago Hub,595,91,41,157.32,2023-06-09,2024-09-20,15,true,HAZMAT
INV-0000478,PROD-000464,SKU-7372,WH-06,Berlin Store,839,122,61,194.94,2023-06-09,2024-09-21,16,true,A
INV-0000479,PROD-000459,SKU-8746,WH-02,Mumbai WH,517,23,12,165.13,2023-06-09,2024-09-22,1,true,HAZMAT
INV-0000480,PROD-000183,SKU-5150,WH-06,Chicago Hub,258,8,26,193.75,2023-06-10,2024-09-23,6,true,COLD
INV-0000481,PROD-000103,SKU-4662,WH-02,Sydney Centre,343,196,18,125.73,2023-06-10,2024-09-24,1,true,D
INV-0000482,PROD-000480,SKU-3489,WH-10,London DC,378,53,35,46.64,2023-06-10,2024-09-25,24,true,B
INV-0000483,PROD-000174,SKU-6272,WH-09,Toronto DC,334,48,35,122.03,2023-06-11,2024-09-26,28,true,B
INV-0000484,PROD-000248,SKU-6540,WH-01,Toronto DC,668,69,43,40.37,2023-06-11,2024-09-27,5,true,C
INV-0000485,PROD-000465,SKU-5054,WH-06,Berlin Store,798,14,31,17.98,2023-06-11,2024-09-28,9,true,HAZMAT
INV-0000486,PROD-000134,SKU-3793,WH-03,Sydney Centre,708,29,51,60.96,2023-06-12,2024-09-29,11,true,HAZMAT
INV-0000487,PROD-000442,SKU-5052,WH-07,London DC,381,4,91,73.19,2023-06-12,2024-09-30,24,true,D
INV-0000488,PROD-000080,SKU-5518,WH-06,Chicago Hub,287,106,17,142.07,2023-06-12,2024-10-01,12,true,B
INV-0000489,PROD-000146,SKU-2149,WH-11,Chicago Hub,79,92,90,73.25,2023-06-13,2024-10-02,2,true,D
INV-0000490,PROD-000194,SKU-6940,WH-02,Mumbai WH,797,54,47,1.63,2023-06-13,2024-10-03,17,true,COLD
INV-0000491,PROD-000241,SKU-8578,WH-06,London DC,962,183,62,183.47,2023-06-13,2024-10-04,5,true,D
INV-0000492,PROD-000121,SKU-3896,WH-11,Toronto DC,54,61,70,118.29,2023-06-14,2024-10-05,19,true,HAZMAT
INV-0000493,PROD-000441,SKU-4514,WH-02,London DC,130,3,76,42.94,2023-06-14,2024-10-06,25,true,A
INV-0000494,PROD-000332,SKU-1836,WH-03,London DC,214,19,94,51.21,2023-06-14,2024-10-07,2,true,D
INV-0000495,PROD-000335,SKU-6235,WH-08,Berlin Store,797,145,99,25.7,2023-06-15,2024-10-08,29,true,A
INV-0000496,PROD-000365,SKU-4847,WH-02,Toronto DC,216,106,18,181.4,2023-06-15,2024-10-09,20,true,D
INV-0000497,PROD-000318,SKU-8712,WH-03,Mumbai WH,13,52,46,46.81,2023-06-15,2024-10-10,2,true,D
INV-0000498,PROD-000321,SKU-9162,WH-11,Chicago Hub,335,49,58,188.19,2023-06-16,2024-10-11,7,true,B
INV-0000499,PROD-000330,SKU-7960,WH-07,Chicago Hub,364,43,57,53.6,2023-06-16,2024-10-12,5,true,COLD
